<?xml version="1.0" encoding="UTF-8"?>
<!DOCTYPE mapper
	PUBLIC "-//mybatis.org//DTD Mapper 3.0//EN"
	"https://mybatis.org/dtd/mybatis-3-mapper.dtd">

<mapper>
	<select id="workStart" resultType="com.fproject.attendence.dao.AttendenceDAO">
		insert into attendence (attendence_num, attendence_workstart, employee_num) values (SEQ_ATTENDENCE_NUM.NEXT(), SYSDATE, {_id})
	</select>
	<select id="workEnd" resultType="com.fproject.attendence.dao.AttendenceDAO">
		update attendence set attendence_workend=SYSDATE where attendence_workstart is not null and attendence_workend is null and employee_num = {_id} 
	</select>
	<select id="countTodayAttend" resultType="com.fproject.attendence.dao.AttendencePercentageDao">
		select count(*) 
		from attendence 
		where substr(attendence_workstart,1,10) = (SYSDATE,"YYYY/MM/DD")
	</select>
	<select id="countTodayTotalAtt">
		select count(*)
		from calendar
		where schedule_num=1
	</select>
	<select id="countTardyAttend">
		select count(*)
		from attendence
		where substr(attendence_workstart,12) > 출근시간 
	</select>
	<select id="countLeaveEarly">
		select count(*)
		from attendence
		where 퇴근시간 > substr(attendence_workstart,12)
	</select>		
</mapper>